Structure,Fraction
310-helix,0.00687272056688825
unordered,0.18310400904710242
β-turn,0.3109755142717501
β-sheet,0.2820257810078438
α-helix,0.2170219751064154
