Structure,Fraction
unordered,0.2127829706595886
β-sheet,0.25921697485317274
310-helix,0.013847191834019262
α-helix,0.24781383873877885
β-turn,0.26633902391444064
