Structure,Fraction
α-helix,0.2104449926983543
β-sheet,0.3119973705595278
310-helix,0.070135566099915
β-turn,0.3152923401917135
unordered,0.09212973045048958
