Structure,Fraction
unordered,0.18675256128952225
β-sheet,0.14927632198359325
310-helix,0.07472656939475066
α-helix,0.4413536848136084
β-turn,0.14789086251852543
