Structure,Fraction
unordered,0.06578856604358149
β-sheet,0.26635909296410687
β-turn,0.18826365924635455
α-helix,0.4169005489512551
310-helix,0.06268813279470199
